{
    "parent": "item/generated",
    "textures": {
        "layer0": "item/armor_stand"
    },
    "overrides": [
        {
            "predicate": {
                "custom_model_data": 1
            },
            "model": "gm4:gui/advancements/icon/better_armour_stands"
        },
        {
            "predicate": {
                "custom_model_data": 2
            },
            "model": "gm4:gui/advancements/icon/poses_pack"
        },
        {
            "predicate": {
                "custom_model_data": 3
            },
            "model": "item/armor_stand"
        },
        {
            "predicate": {
                "custom_model_data": 16
            },
            "model": "item/armor_stand"
        },
        {
            "predicate": {
                "custom_model_data": 64
            },
            "model": "item/armor_stand"
        }
    ]
}
