{
    "parent": "block/barrel",
    "overrides": [
        {
            "predicate": {
                "custom_model_data": 1
            },
            "model": "gm4:gui/advancements/icon/ambrosia_create_beehive"
        },
        {
            "predicate": {
                "custom_model_data": 2
            },
            "model": "item/barrel"
        },
		
        {
            "predicate": {
                "custom_model_data": 16
            },
            "model": "item/barrel"
        },
        {
            "predicate": {
                "custom_model_data": 64
            },
            "model": "item/barrel"
        }
    ]
}
