{
    "parent": "item/generated",
    "textures": {
        "layer0": "item/black_dye"
    },
    "overrides": [
        {
            "predicate": {
                "custom_model_data": 1
            },
            "model": "gm4:gui/advancements/icon/orb_of_ankou_soul_essence"
        },
        {
            "predicate": {
                "custom_model_data": 2
            },
            "model": "item/black_dye"
        },
		
        {
            "predicate": {
                "custom_model_data": 16
            },
            "model": "item/black_dye"
        },
        {
            "predicate": {
                "custom_model_data": 64
            },
            "model": "item/black_dye"
        },
		
        {
            "predicate": {
                "custom_model_data": 200
            },
            "model": "gm4:item/orb_of_ankou/essences/aggressive"
        },
        {
            "predicate": {
                "custom_model_data": 201
            },
            "model": "gm4:item/orb_of_ankou/essences/agile"
        },
        {
            "predicate": {
                "custom_model_data": 202
            },
            "model": "gm4:item/orb_of_ankou/essences/anchoring"
        },
        {
            "predicate": {
                "custom_model_data": 203
            },
            "model": "gm4:item/orb_of_ankou/essences/bargaining"
        },
        {
            "predicate": {
                "custom_model_data": 204
            },
            "model": "gm4:item/orb_of_ankou/essences/bashing"
        },
        {
            "predicate": {
                "custom_model_data": 205
            },
            "model": "gm4:item/orb_of_ankou/essences/blasting"
        },
        {
            "predicate": {
                "custom_model_data": 206
            },
            "model": "gm4:item/orb_of_ankou/essences/blinding"
        },
        {
            "predicate": {
                "custom_model_data": 207
            },
            "model": "gm4:item/orb_of_ankou/essences/bounding"
        },
        {
            "predicate": {
                "custom_model_data": 208
            },
            "model": "gm4:item/orb_of_ankou/essences/bubbly"
        },
        {
            "predicate": {
                "custom_model_data": 209
            },
            "model": "gm4:item/orb_of_ankou/essences/conjuring"
        },
        {
            "predicate": {
                "custom_model_data": 210
            },
            "model": "gm4:item/orb_of_ankou/essences/depriving"
        },
        {
            "predicate": {
                "custom_model_data": 211
            },
            "model": "gm4:item/orb_of_ankou/essences/draining"
        },
        {
            "predicate": {
                "custom_model_data": 212
            },
            "model": "gm4:item/orb_of_ankou/essences/enduring"
        },
        {
            "predicate": {
                "custom_model_data": 213
            },
            "model": "gm4:item/orb_of_ankou/essences/expeditious"
        },
        {
            "predicate": {
                "custom_model_data": 214
            },
            "model": "gm4:item/orb_of_ankou/essences/feathery"
        },
        {
            "predicate": {
                "custom_model_data": 215
            },
            "model": "gm4:item/orb_of_ankou/essences/gazing"
        },
        {
            "predicate": {
                "custom_model_data": 216
            },
            "model": "gm4:item/orb_of_ankou/essences/gliding"
        },
        {
            "predicate": {
                "custom_model_data": 217
            },
            "model": "gm4:item/orb_of_ankou/essences/hawkeye"
        },
        {
            "predicate": {
                "custom_model_data": 218
            },
            "model": "gm4:item/orb_of_ankou/essences/incombustible"
        },
        {
            "predicate": {
                "custom_model_data": 219
            },
            "model": "gm4:item/orb_of_ankou/essences/lifeless"
        },
        {
            "predicate": {
                "custom_model_data": 220
            },
            "model": "gm4:item/orb_of_ankou/essences/neutralizing"
        },
        {
            "predicate": {
                "custom_model_data": 221
            },
            "model": "gm4:item/orb_of_ankou/essences/phasing"
        },
        {
            "predicate": {
                "custom_model_data": 222
            },
            "model": "gm4:item/orb_of_ankou/essences/pricking"
        },
        {
            "predicate": {
                "custom_model_data": 223
            },
            "model": "gm4:item/orb_of_ankou/essences/retreating"
        },
        {
            "predicate": {
                "custom_model_data": 224
            },
            "model": "gm4:item/orb_of_ankou/essences/rushing"
        },
        {
            "predicate": {
                "custom_model_data": 225
            },
            "model": "gm4:item/orb_of_ankou/essences/scaling"
        },
        {
            "predicate": {
                "custom_model_data": 226
            },
            "model": "gm4:item/orb_of_ankou/essences/soaring"
        },
        {
            "predicate": {
                "custom_model_data": 227
            },
            "model": "gm4:item/orb_of_ankou/essences/synergetic"
        },
        {
            "predicate": {
                "custom_model_data": 228
            },
            "model": "gm4:item/orb_of_ankou/essences/vanishing"
        },
        {
            "predicate": {
                "custom_model_data": 229
            },
            "model": "gm4:item/orb_of_ankou/essences/venomous"
        },
        {
            "predicate": {
                "custom_model_data": 230
            },
            "model": "gm4:item/orb_of_ankou/essences/volatile"
        },
        {
            "predicate": {
                "custom_model_data": 231
            },
            "model": "gm4:item/orb_of_ankou/essences/withering"
        },
        {
            "predicate": {
                "custom_model_data": 232
            },
            "model": "gm4:item/orb_of_ankou/essences/striding"
        },
        {
            "predicate": {
                "custom_model_data": 233
            },
            "model": "gm4:item/orb_of_ankou/essences/freezing"
        },
        {
            "predicate": {
                "custom_model_data": 234
            },
            "model": "item/black_dye"
        }
    ]
}
