{
    "parent": "item/generated",
    "textures": {
        "layer0": "item/blaze_rod"
    },
    "overrides": [
        {
            "predicate": {
                "custom_model_data": 1
            },
            "model": "gm4:item/lightning_rod"
        },
            {
            "predicate": {
                "custom_model_data": 2
            },
            "model": "item/blaze_rod"
        },
		
        {
            "predicate": {
                "custom_model_data": 16
            },
            "model": "item/blaze_rod"
        },
        {
            "predicate": {
                "custom_model_data": 64
            },
            "model": "item/blaze_rod"
        }
    ]
}
