{
    "parent": "block/chorus_flower",
    "overrides": [
        {
            "predicate": {
                "custom_model_data": 1
            },
            "model": "gm4:block/chorus_fruit_display"
        },
        {
            "predicate": {
                "custom_model_data": 2
            },
            "model": "item/chorus_flower"
        },		
		
        {
            "predicate": {
                "custom_model_data": 16
            },
            "model": "item/chorus_flower"
        },
        {
            "predicate": {
                "custom_model_data": 64
            },
            "model": "item/chorus_flower"
        }
    ]
}
