{
    "parent": "block/crafting_table",
    "overrides": [
        {
            "predicate": {
                "custom_model_data": 1
            },
            "model": "gm4:block/custom_crafter"
        },
        {
            "predicate": {
                "custom_model_data": 2
            },
            "model": "gm4:item/slightly_damaged_workbench"
        },
        {
            "predicate": {
                "custom_model_data": 3
            },
            "model": "gm4:gui/advancements/icon/custom_crafters"
        },
        {
            "predicate": {
                "custom_model_data": 4
            },
            "model": "item/crafting_table"
        },
        {
            "predicate": {
                "custom_model_data": 16
            },
            "model": "item/crafting_table"
        },
		{
            "predicate": {
                "custom_model_data": 45
            },
            "model": "gm4:entity/tnt_landmines/tnt_landmine_crafting_table"
        },
        {
            "predicate": {
                "custom_model_data": 46
            },
            "model": "item/crafting_table"
        },
        {
            "predicate": {
                "custom_model_data": 64
            },
            "model": "item/crafting_table"
        }
    ]
}
