{
    "parent": "item/generated",
    "textures": {
        "layer0": "item/crossbow_standby"
    },
    "display": {
        "thirdperson_righthand": {
            "rotation": [ -90, 0, -60 ],
            "translation": [ 2, 0.1, -3 ],
            "scale": [ 0.9, 0.9, 0.9 ]
        },
        "thirdperson_lefthand": {
            "rotation": [ -90, 0, 30 ],
            "translation": [ 2, 0.1, -3 ],
            "scale": [ 0.9, 0.9, 0.9 ]
        },
        "firstperson_righthand": {
            "rotation": [ -90, 0, -55 ],
            "translation": [ 1.13, 3.2, 1.13],
            "scale": [ 0.68, 0.68, 0.68 ]
        },
        "firstperson_lefthand": {
            "rotation": [ -90, 0, 35 ],
            "translation": [ 1.13, 3.2, 1.13],
            "scale": [ 0.68, 0.68, 0.68 ]
        }
    },
    "overrides": [
        {
            "predicate": {
                "pulling": 1
            },
            "model": "item/crossbow_pulling_0"
        },
        {
            "predicate": {
                "pulling": 1,
                "pull": 0.58
            },
            "model": "item/crossbow_pulling_1"
        },
        {
            "predicate": {
                "pulling": 1,
                "pull": 1.0
            },
            "model": "item/crossbow_pulling_2"
        },
        {
            "predicate": {
                "charged": 1
            },
            "model": "item/crossbow_arrow"
        },
        {
            "predicate": {
                "charged": 1,
                "firework": 1
            },
            "model": "item/crossbow_firework"
        },
        {
            "predicate": {
                "custom_model_data": 1
            },
            "model": "gm4:item/sky_dimension/crossbow_1"
        },
        {
            "predicate": {
                "pulling": 1,
                "custom_model_data": 1
            },
            "model": "gm4:item/sky_dimension/crossbow_pulling_0_1"
        },
        {
            "predicate": {
                "pulling": 1,
                "custom_model_data": 1,
                "pull": 0.58
            },
            "model": "gm4:item/sky_dimension/crossbow_pulling_1_1"
        },
        {
            "predicate": {
                "pulling": 1,
                "custom_model_data": 1,
                "pull": 1.0
            },
            "model": "gm4:item/sky_dimension/crossbow_pulling_2_1"
        },
        {
            "predicate": {
                "charged": 1,
                "custom_model_data": 1
            },
            "model": "gm4:item/sky_dimension/crossbow_arrow_1"
        },
        {
            "predicate": {
                "charged": 1,
                "custom_model_data": 1,
                "firework": 1
            },
            "model": "gm4:item/sky_dimension/crossbow_firework_1"
        },
        {
            "predicate": {
                "custom_model_data": 2
            },
            "model": "gm4:item/sky_dimension/crossbow_2"
        },
        {
            "predicate": {
                "pulling": 1,
                "custom_model_data": 2
            },
            "model": "gm4:item/sky_dimension/crossbow_pulling_0_2"
        },
        {
            "predicate": {
                "pulling": 1,
                "custom_model_data": 2,
                "pull": 0.58
            },
            "model": "gm4:item/sky_dimension/crossbow_pulling_1_2"
        },
        {
            "predicate": {
                "pulling": 1,
                "custom_model_data": 2,
                "pull": 1.0
            },
            "model": "gm4:item/sky_dimension/crossbow_pulling_2_2"
        },
        {
            "predicate": {
                "charged": 1,
                "custom_model_data": 2
            },
            "model": "gm4:item/sky_dimension/crossbow_arrow_2"
        },
        {
            "predicate": {
                "charged": 1,
                "custom_model_data": 2,
                "firework": 1
            },
            "model": "gm4:item/sky_dimension/crossbow_firework_2"
        },
        {
            "predicate": {
                "custom_model_data": 1121
            },
            "model": "incendium:item/sentry_resting"
        },
        {
            "predicate": {
                "custom_model_data": 1121,
                "pulling": 1
            },
            "model": "incendium:item/sentry_pulling_0"
        },
        {
            "predicate": {
                "custom_model_data": 1121,
                "pulling": 1,
                "pull": 0.58
            },
            "model": "incendium:item/sentry_pulling_1"
        },
        {
            "predicate": {
                "custom_model_data": 1121,
                "pulling": 1,
                "pull": 1.0
            },
            "model": "incendium:item/sentry_pulling_2"
        },
        {
            "predicate": {
                "custom_model_data": 1121,
                "charged": 1
            },
            "model": "incendium:item/sentry_arrow"
        },
        {
            "predicate": {
                "custom_model_data": 1121,
                "charged": 1,
                "firework": 1
            },
            "model": "incendium:item/sentry_firework"
        },
        {
            "predicate": {
                "custom_model_data": 699492
            },
            "model": "incendium:item/firestorm_resting"
        },
        {
            "predicate": {
                "custom_model_data": 699492,
                "pulling": 1
            },
            "model": "incendium:item/firestorm_pulling_0"
        },
        {
            "predicate": {
                "custom_model_data": 699492,
                "pulling": 1,
                "pull": 0.58
            },
            "model": "incendium:item/firestorm_pulling_1"
        },
        {
            "predicate": {
                "custom_model_data": 699492,
                "pulling": 1,
                "pull": 1.0
            },
            "model": "incendium:item/firestorm_pulling_2"
        },
        {
            "predicate": {
                "custom_model_data": 699492,
                "charged": 1
            },
            "model": "incendium:item/firestorm_arrow"
        },
        {
            "predicate": {
                "custom_model_data": 699492,
                "charged": 1,
                "firework": 1
            },
            "model": "incendium:item/firestorm_firework"
        }
    ]
}
