{
    "parent": "item/handheld",
    "textures": {
        "layer0": "item/diamond_shovel"
    },
    "overrides": [
        {
            "predicate": {
                "custom_model_data": 1
            },
            "model": "gm4:gui/advancements/icon/sky_dimension_okay"
        },
        {
            "predicate": {
                "custom_model_data": 2
            },
            "model": "item/diamond_shovel"
        },
        {
            "predicate": {
                "custom_model_data": 10
            },
            "model": "gm4:item/end_fishing/tools/diamond_shovel_10"
        },
        {
            "predicate": {
                "custom_model_data": 11
            },
            "model": "gm4:item/end_fishing/tools/diamond_shovel_11"
        },
        {
            "predicate": {
                "custom_model_data": 12
            },
            "model": "gm4:item/end_fishing/tools/diamond_shovel_12"
        },
        {
            "predicate": {
                "custom_model_data": 13
            },
            "model": "gm4:item/end_fishing/tools/diamond_shovel_13"
        },
        {
            "predicate": {
                "custom_model_data": 14
            },
            "model": "gm4:item/end_fishing/tools/diamond_shovel_14"
        },
        {
            "predicate": {
                "custom_model_data": 15
            },
            "model": "gm4:item/end_fishing/tools/diamond_shovel_15"
        },
        {
            "predicate": {
                "custom_model_data": 16
            },
            "model": "gm4:item/end_fishing/tools/diamond_shovel_16"
        },
        {
            "predicate": {
                "custom_model_data": 17
            },
            "model": "gm4:item/end_fishing/tools/diamond_shovel_17"
        },
        {
            "predicate": {
                "custom_model_data": 18
            },
            "model": "gm4:item/end_fishing/tools/diamond_shovel_18"
        },
        {
            "predicate": {
                "custom_model_data": 19
            },
            "model": "gm4:item/end_fishing/tools/diamond_shovel_19"
        },
        {
            "predicate": {
                "custom_model_data": 20
            },
            "model": "gm4:item/sky_dimension/diamond_shovel_20"
        },
        {
            "predicate": {
                "custom_model_data": 21
            },
            "model": "item/diamond_shovel"
        },
        {
            "predicate": {
                "custom_model_data": 110
            },
            "model": "gm4:item/metallurgy/shamir/copper/diamond_shovel"
        },
        {
            "predicate": {
                "custom_model_data": 111
            },
            "model": "gm4:item/metallurgy/shamir/thorium_brass/diamond_shovel"
        },
        {
            "predicate": {
                "custom_model_data": 112
            },
            "model": "item/diamond_shovel"
        },
        {
            "predicate": {
                "custom_model_data": 113
            },
            "model": "gm4:item/metallurgy/shamir/aluminium/diamond_shovel"
        },
        {
            "predicate": {
                "custom_model_data": 114
            },
            "model": "gm4:item/metallurgy/shamir/thorium_brass/diamond_shovel"
        },
        {
            "predicate": {
                "custom_model_data": 115
            },
            "model": "item/diamond_shovel"
        }
    ]
}
