{
    "parent": "item/handheld",
    "textures": {
        "layer0": "item/diamond_pickaxe"
    },
    "overrides": [
        {
            "predicate": {
                "custom_model_data": 10
            },
            "model": "gm4:item/end_fishing/tools/diamond_pickaxe_10"
        },
        {
            "predicate": {
                "custom_model_data": 11
            },
            "model": "gm4:item/end_fishing/tools/diamond_pickaxe_11"
        },
        {
            "predicate": {
                "custom_model_data": 12
            },
            "model": "gm4:item/end_fishing/tools/diamond_pickaxe_12"
        },
        {
            "predicate": {
                "custom_model_data": 13
            },
            "model": "gm4:item/end_fishing/tools/diamond_pickaxe_13"
        },
        {
            "predicate": {
                "custom_model_data": 14
            },
            "model": "gm4:item/end_fishing/tools/diamond_pickaxe_14"
        },
        {
            "predicate": {
                "custom_model_data": 15
            },
            "model": "gm4:item/end_fishing/tools/diamond_pickaxe_15"
        },
        {
            "predicate": {
                "custom_model_data": 16
            },
            "model": "gm4:item/end_fishing/tools/diamond_pickaxe_16"
        },
        {
            "predicate": {
                "custom_model_data": 17
            },
            "model": "gm4:item/end_fishing/tools/diamond_pickaxe_17"
        },
        {
            "predicate": {
                "custom_model_data": 18
            },
            "model": "gm4:item/end_fishing/tools/diamond_pickaxe_18"
        },
        {
            "predicate": {
                "custom_model_data": 19
            },
            "model": "gm4:item/end_fishing/tools/diamond_pickaxe_19"
        },
        {
            "predicate": {
                "custom_model_data": 20
            },
            "model": "gm4:item/sky_dimension/diamond_pickaxe_20"
        },
        {
            "predicate": {
                "custom_model_data": 21
            },
            "model": "item/diamond_pickaxe"
        },
        {
            "predicate": {
                "custom_model_data": 107
            },
            "model": "gm4:item/metallurgy/shamir/copper/diamond_pickaxe"
        },
        {
            "predicate": {
                "custom_model_data": 108
            },
            "model": "item/diamond_pickaxe"
        },
        {
            "predicate": {
                "custom_model_data": 110
            },
            "model": "gm4:item/metallurgy/shamir/copper/diamond_pickaxe"
        },
        {
            "predicate": {
                "custom_model_data": 111
            },
            "model": "gm4:item/metallurgy/shamir/thorium_brass/diamond_pickaxe"
        },
        {
            "predicate": {
                "custom_model_data": 112
            },
            "model": "item/diamond_pickaxe"
        },
        {
            "predicate": {
                "custom_model_data": 113
            },
            "model": "gm4:item/metallurgy/shamir/aluminium/diamond_pickaxe"
        },
        {
            "predicate": {
                "custom_model_data": 114
            },
            "model": "gm4:item/metallurgy/shamir/thorium_brass/diamond_pickaxe"
        },
        {
            "predicate": {
                "custom_model_data": 115
            },
            "model": "item/diamond_pickaxe"
        },
        {
          "predicate": {
            "custom_model_data": 1111
          },
          "model": "incendium:item/hefty"
        }
    ]
}
