{
    "parent": "item/handheld",
    "textures": {
        "layer0": "item/diamond_axe"
    },
    "overrides": [
        {
            "predicate": {
                "custom_model_data": 1
            },
            "model": "gm4:item/sky_dimension/diamond_axe_1"
        },
        {
            "predicate": {
                "custom_model_data": 2
            },
            "model": "item/diamond_axe"
        },
        {
            "predicate": {
                "custom_model_data": 20
            },
            "model": "gm4:item/sky_dimension/diamond_axe_20"
        },
        {
            "predicate": {
                "custom_model_data": 21
            },
            "model": "item/diamond_axe"
        },
        {
            "predicate": {
                "custom_model_data": 110
            },
            "model": "gm4:item/metallurgy/shamir/copper/diamond_axe"
        },
        {
            "predicate": {
                "custom_model_data": 111
            },
            "model": "gm4:item/metallurgy/shamir/thorium_brass/diamond_axe"
        },
        {
            "predicate": {
                "custom_model_data": 112
            },
            "model": "gm4:item/metallurgy/shamir/barium/diamond_axe"
        },
        {
            "predicate": {
                "custom_model_data": 113
            },
            "model": "gm4:item/metallurgy/shamir/aluminium/diamond_axe"
        },
        {
            "predicate": {
                "custom_model_data": 114
            },
            "model": "item/diamond_axe"
        },
        {
            "predicate": {
                "custom_model_data": 117
            },
            "model": "gm4:item/metallurgy/shamir/thorium_brass/diamond_axe"
        },
        {
            "predicate": {
                "custom_model_data": 118
            },
            "model": "item/diamond_axe"
        },
        {
            "predicate": {
                "custom_model_data": 1028
            },
            "model": "incendium:item/blazing"
        }
    ]
}