{
    "parent": "block/dirt",
    "overrides": [        
        {
            "predicate": {
                "custom_model_data": 16
            },
            "model": "item/dirt"
        },
		{
            "predicate": {
                "custom_model_data": 42
            },
            "model": "gm4:entity/tnt_landmines/tnt_landmine_dirt"
        },
        {
            "predicate": {
                "custom_model_data": 43
            },
            "model": "item/dirt"
        },
        {
            "predicate": {
                "custom_model_data": 64
            },
            "model": "item/dirt"
        }
    ]
}
