{
    "parent": "item/generated",
    "textures": {
        "layer0": "item/emerald"
    },
    "overrides": [
        {
            "predicate": {
                "custom_model_data": 10
            },
            "model": "gm4:item/end_fishing/ores/emerald_10"
        },
        {
            "predicate": {
                "custom_model_data": 11
            },
            "model": "gm4:item/end_fishing/ores/emerald_11"
        },
        {
            "predicate": {
                "custom_model_data": 12
            },
            "model": "gm4:item/end_fishing/ores/emerald_12"
        },
        {
            "predicate": {
                "custom_model_data": 13
            },
            "model": "gm4:item/end_fishing/ores/emerald_13"
        },
        {
            "predicate": {
                "custom_model_data": 14
            },
            "model": "gm4:item/end_fishing/ores/emerald_14"
        },
        {
            "predicate": {
                "custom_model_data": 15
            },
            "model": "item/emerald"
        },
        {
            "predicate": {
                "custom_model_data": 16
            },
            "model": "item/emerald"
        },
        {
            "predicate": {
                "custom_model_data": 64
            },
            "model": "item/emerald"
        }
    ]
}
