{
    "parent": "block/enchanting_table",
    "overrides": [
        {
            "predicate": {
                "custom_model_data": 1
            },
            "model": "gm4:block/enchantment_extractor"
        },
        {
            "predicate": {
                "custom_model_data": 2
            },
            "model": "gm4:gui/advancements/icon/enchantment_extractors"
        },
        {
            "predicate": {
                "custom_model_data": 3
            },
            "model": "item/enchanting_table"
        },

        {
            "predicate": {
                "custom_model_data": 16
            },
            "model": "item/enchanting_table"
        },
        {
            "predicate": {
                "custom_model_data": 64
            },
            "model": "item/enchanting_table"
        }
    ]
}
