{
    "parent": "block/end_portal_frame",
    "overrides": [        
		{
            "predicate": {
                "custom_model_data": 1
            },
            "model": "gm4:block/teleportation_anchor"
        },
        {
            "predicate": {
                "custom_model_data": 2
            },
            "model": "item/end_portal_frame"
        },
        {
            "predicate": {
                "custom_model_data": 16
            },
            "model": "item/end_portal_frame"
        },
        {
            "predicate": {
                "custom_model_data": 64
            },
            "model": "item/end_portal_frame"
        }
    ]
}
