{
    "parent": "block/end_rod",
    "overrides": [
        {
            "predicate": {
                "custom_model_data": 1
            },
            "model": "gm4:gui/advancements/icon/teleportation_jammer"
        },
        {
            "predicate": {
                "custom_model_data": 2
            },
            "model": "item/end_rod"
        },
        {
            "predicate": {
                "custom_model_data": 16
            },
            "model": "item/end_rod"
        },
        {
            "predicate": {
                "custom_model_data": 64
            },
            "model": "item/end_rod"
        }
    ]
}
