{
    "parent": "item/generated",
    "textures": {
        "layer0": "item/ender_pearl"
    },
    "overrides": [
        {
            "predicate": {
                "custom_model_data": 1
            },
            "model": "gm4:item/sky_dimension/starlit_ender_pearl"
        },
        {
            "predicate": {
                "custom_model_data": 2
            },
            "model": "item/ender_pearl"
        },
        {
            "predicate": {
                "custom_model_data": 16
            },
            "model": "item/ender_pearl"
        }
    ]
}
