{
    "parent": "item/generated",
    "textures": {
        "layer0": "item/experience_bottle"
    },
    "overrides": [
        {
            "predicate": {
                "custom_model_data": 1
            },
            "model": "gm4:gui/advancements/icon/standard_liquids"
        },
        {
            "predicate": {
                "custom_model_data": 2
            },
            "model": "item/experience_bottle"
        },
        {
            "predicate": {
                "custom_model_data": 16
            },
            "model": "item/experience_bottle"
        },
        {
            "predicate": {
                "custom_model_data": 64
            },
            "model": "item/experience_bottle"
        }
    ]
}
