{
    "parent": "item/generated",
    "textures": {
        "layer0": "item/firework_rocket"
    },
    "overrides": [
        {
            "predicate": {
                "custom_model_data": 1
            },
            "model": "gm4:gui/advancements/icon/phantom_scarecrows"
        },
        {
            "predicate": {
                "custom_model_data": 2
            },
            "model": "item/firework_rocket"
        },     
        {
            "predicate": {
                "custom_model_data": 16
            },
            "model": "item/firework_rocket"
        },
        {
            "predicate": {
                "custom_model_data": 64
            },
            "model": "item/firework_rocket"
        }
    ]
}
