{
    "parent": "item/generated",
    "textures": {
        "layer0": "item/firework_star",
        "layer1": "item/firework_star_overlay"
    },
    "overrides": [
        {
            "predicate": {
                "custom_model_data": 1
            },
            "model": "gm4:item/orb_of_ankou"
        },
        {
            "predicate": {
                "custom_model_data": 2
            },
            "model": "gm4:gui/advancements/icon/everstones"
        },
        {
            "predicate": {
                "custom_model_data": 3
            },
            "model": "item/firework_star"
        },
        {
            "predicate": {
                "custom_model_data": 4
            },
            "model": "item/firework_star"
        },
        {
            "predicate": {
                "custom_model_data": 16
            },
            "model": "item/firework_star"
        },
        {
            "predicate": {
                "custom_model_data": 64
            },
            "model": "item/firework_star"
        }		
    ]
}
