{
    "parent": "block/glass",
    "overrides": [
        {
            "predicate": {
                "custom_model_data": 1
            },
            "model": "gm4:block/liquid_tank"
        },
        {
            "predicate": {
                "custom_model_data": 2
            },
            "model": "item/glass"
        },
        {
            "predicate": {
                "custom_model_data": 16
            },
            "model": "item/glass"
        },
        {
            "predicate": {
                "custom_model_data": 64
            },
            "model": "item/glass"
        }
    ]
}
