{
    "parent": "item/generated",
    "textures": {
        "layer0": "item/golden_chestplate"
    },
    "overrides": [
        {
            "predicate": {
                "custom_model_data": 1
            },
            "model": "gm4:item/scuba_tank"
        },
        {
            "predicate": {
                "custom_model_data": 2
            },
            "model": "gm4:item/zauber_chestplate_health"
        },
        {
            "predicate": {
                "custom_model_data": 3
            },
            "model": "gm4:item/zauber_chestplate_attack"
        },
        {
            "predicate": {
                "custom_model_data": 4
            },
            "model": "gm4:item/zauber_chestplate_speed"
        },
        {
            "predicate": {
                "custom_model_data": 5
            },
            "model": "gm4:item/zauber_chestplate_knockback"
        },
        {
            "predicate": {
                "custom_model_data": 6
            },
            "model": "gm4:gui/advancements/icon/zauber_cauldrons_full_armor"
        },
        {
            "predicate": {
                "custom_model_data": 7
            },
            "model": "gm4:item/sky_dimension/golden_chestplate_7"
        },
        {
            "predicate": {
                "custom_model_data": 8
            },
            "model": "item/golden_chestplate"
        },
        {
            "predicate": {
                "custom_model_data": 103
            },
            "model": "gm4:item/metallurgy/shamir/aluminium/golden_chestplate"
        },
        {
            "predicate": {
                "custom_model_data": 104
            },
            "model": "item/golden_chestplate"
        },
        {
            "predicate": {
                "custom_model_data": 106
            },
            "model": "gm4:item/metallurgy/shamir/aluminium/golden_chestplate"
        },
        {
            "predicate": {
                "custom_model_data": 107
            },
            "model": "item/golden_chestplate"
        }
    ]
}
