{
    "parent": "item/generated",
    "textures": {
        "layer0": "item/golden_boots"
    },
    "overrides": [
        {
            "predicate": {
                "custom_model_data": 1
            },
            "model": "gm4:item/waders"
        },
        {
            "predicate": {
                "custom_model_data": 2
            },
            "model": "gm4:item/zauber_boots_health"
        },
        {
            "predicate": {
                "custom_model_data": 3
            },
            "model": "gm4:item/zauber_boots_attack"
        },
        {
            "predicate": {
                "custom_model_data": 4
            },
            "model": "gm4:item/zauber_boots_speed"
        },
        {
            "predicate": {
                "custom_model_data": 5
            },
            "model": "gm4:item/zauber_boots_knockback"
        },
        {
            "predicate": {
                "custom_model_data": 6
            },
            "model": "item/golden_boots"
        },
        {
            "predicate": {
                "custom_model_data": 7
            },
            "model": "gm4:item/sky_dimension/golden_boots_7"
        },
        {
            "predicate": {
                "custom_model_data": 8
            },
            "model": "gm4:gui/advancements/icon/sky_dimension_explore"
        },
        {
            "predicate": {
                "custom_model_data": 9
            },
            "model": "item/golden_boots"
        },
        {
            "predicate": {
                "custom_model_data": 102
            },
            "model": "gm4:item/metallurgy/shamir/aluminium/golden_boots"
        },
        {
            "predicate": {
                "custom_model_data": 103
            },
            "model": "gm4:item/metallurgy/shamir/aluminium/golden_boots"
        },
        {
            "predicate": {
                "custom_model_data": 104
            },
            "model": "item/golden_boots"
        },
        {
            "predicate": {
                "custom_model_data": 106
            },
            "model": "gm4:item/metallurgy/shamir/aluminium/golden_boots"
        }
    ]
}
