{
    "parent": "item/handheld",
    "textures": {
        "layer0": "item/golden_sword"
    },
    "overrides": [
        {
            "predicate": {
                "custom_model_data": 105
            },
            "model": "gm4:item/metallurgy/shamir/thorium/golden_sword"
        },
        {
            "predicate": {
                "custom_model_data": 106
            },
            "model": "item/golden_sword"
        },
        {
            "predicate": {
                "custom_model_data": 108
            },
            "model": "gm4:item/metallurgy/shamir/barimium/golden_sword"
        },
        {
            "predicate": {
                "custom_model_data": 109
            },
            "model": "item/golden_sword"
        },
        {
            "predicate": {
                "custom_model_data": 110
            },
            "model": "gm4:item/metallurgy/shamir/copper/golden_sword"
        },
        {
            "predicate": {
                "custom_model_data": 111
            },
            "model": "item/golden_sword"
        },
        {
            "predicate": {
                "custom_model_data": 116
            },
            "model": "gm4:item/metallurgy/shamir/copper/golden_sword"
        },
        {
            "predicate": {
                "custom_model_data": 117
            },
            "model": "gm4:item/metallurgy/shamir/thorium_brass/golden_sword"
        },
        {
            "predicate": {
                "custom_model_data": 118
            },
            "model": "item/golden_sword"
        },
        {
          "predicate": {
            "custom_model_data": 1026
          },
          "model": "incendium:item/withersbane"
        }
    ]
}