{
    "parent": "item/handheld",
    "textures": {
        "layer0": "item/golden_axe"
    },
    "overrides": [
        {
            "predicate": {
                "custom_model_data": 110
            },
            "model": "gm4:item/metallurgy/shamir/copper/golden_axe"
        },
        {
            "predicate": {
                "custom_model_data": 111
            },
            "model": "gm4:item/metallurgy/shamir/thorium_brass/golden_axe"
        },		
        {
            "predicate": {
                "custom_model_data": 112
            },
            "model": "gm4:item/metallurgy/shamir/barium/golden_axe"
        },
        {
            "predicate": {
                "custom_model_data": 113
            },
            "model": "gm4:item/metallurgy/shamir/aluminium/golden_axe"
        },
        {
            "predicate": {
                "custom_model_data": 114
            },
            "model": "item/golden_axe"
        },
        {
            "predicate": {
                "custom_model_data": 117
            },
            "model": "gm4:item/metallurgy/shamir/thorium_brass/golden_axe"
        },
        {
            "predicate": {
                "custom_model_data": 118
            },
            "model": "item/golden_axe"
        }
    ]
}
