{
    "parent": "block/gold_ore",
    "overrides": [
        {
            "predicate": {
                "custom_model_data": 1
            },
            "model": "gm4:block/gold_ore_display"
        },
        {
            "predicate": {
                "custom_model_data": 2
            },
            "model": "item/gold_ore"
        },
        {
            "predicate": {
                "custom_model_data": 16
            },
            "model": "item/gold_ore"
        },
        {
            "predicate": {
                "custom_model_data": 64
            },
            "model": "item/gold_ore"
        }
    ]
}
