{
    "parent": "item/generated",
    "textures": {
        "layer0": "item/golden_helmet"
    },
    "overrides": [
        {
            "predicate": {
                "custom_model_data": 2
            },
            "model": "gm4:item/zauber_helmet_health"
        },
        {
            "predicate": {
                "custom_model_data": 3
            },
            "model": "gm4:item/zauber_helmet_attack"
        },
        {
            "predicate": {
                "custom_model_data": 4
            },
            "model": "gm4:item/zauber_helmet_speed"
        },
        {
            "predicate": {
                "custom_model_data": 5
            },
            "model": "gm4:item/zauber_helmet_knockback"
        },
        {
            "predicate": {
                "custom_model_data": 6
            },
            "model": "item/golden_helmet"
        },
        {
            "predicate": {
                "custom_model_data": 7
            },
            "model": "gm4:item/sky_dimension/golden_helmet_7"
        },
        {
            "predicate": {
                "custom_model_data": 8
            },
            "model": "gm4:gui/advancements/icon/sky_dimension_trade"
        },
        {
            "predicate": {
                "custom_model_data": 9
            },
            "model": "item/golden_helmet"
        },
        {
            "predicate": {
                "custom_model_data": 103
            },
            "model": "gm4:item/metallurgy/shamir/aluminium/golden_helmet"
        },
        {
            "predicate": {
                "custom_model_data": 104
            },
            "model": "item/golden_helmet"
        },
        {
            "predicate": {
                "custom_model_data": 106
            },
            "model": "gm4:item/metallurgy/shamir/aluminium/golden_helmet"
        },
        {
            "predicate": {
                "custom_model_data": 107
            },
            "model": "item/golden_helmet"
        }
    ]
}
