{
    "parent": "item/handheld",
    "textures": {
        "layer0": "item/golden_hoe"
    },
    "overrides": [
        {
            "predicate": {
                "custom_model_data": 109
            },
            "model": "gm4:item/metallurgy/shamir/barimium/golden_hoe"
        },
        {
            "predicate": {
                "custom_model_data": 110
            },
            "model": "item/golden_hoe"
        },
        {
            "predicate": {
                "custom_model_data": 111
            },
            "model": "gm4:item/metallurgy/shamir/thorium_brass/golden_hoe"
        },
        {
            "predicate": {
                "custom_model_data": 112
            },
            "model": "item/golden_hoe"
        },
        {
            "predicate": {
                "custom_model_data": 113
            },
            "model": "gm4:item/metallurgy/shamir/aluminium/golden_hoe"
        },
        {
            "predicate": {
                "custom_model_data": 114
            },
            "model": "item/golden_hoe"
        }
    ]
}
