{
    "parent": "block/gray_stained_glass",
    "overrides": [
        {
            "predicate": {
                "custom_model_data": 1
            },
            "model": "gm4:block/smeltery_glass"
        },
        {
            "predicate": {
                "custom_model_data": 2
            },
            "model": "item/gray_stained_glass"
        },
        {
            "predicate": {
                "custom_model_data": 16
            },
            "model": "item/gray_stained_glass"
        },
        {
            "predicate": {
                "custom_model_data": 64
            },
            "model": "item/gray_stained_glass"
        }
    ]
}
