{
    "parent": "item/generated",
    "textures": {
        "layer0": "item/gunpowder"
    },
    "overrides": [
        {
            "predicate": {
                "custom_model_data": 1
            },
            "model": "gm4:gui/advancements/icon/bat_grenades"
        },
        {
            "predicate": {
                "custom_model_data": 2
            },
            "model": "gm4:item/soft_defuser"
        },
        {
            "predicate": {
                "custom_model_data": 3
            },
            "model": "item/gunpowder"
        },
        
        {
            "predicate": {
                "custom_model_data": 16
            },
            "model": "item/gunpowder"
        },
        {
            "predicate": {
                "custom_model_data": 64
            },
            "model": "item/gunpowder"
        }
    ]
}
