{
    "parent": "item/generated",
    "textures": {
        "layer0": "block/horn_coral"
    },
    "overrides": [
        {
            "predicate": {
                "custom_model_data": 1
            },
            "model": "gm4:gui/advancements/icon/scuba_gear"
        },
        {
            "predicate": {
                "custom_model_data": 2
            },
            "model": "item/horn_coral"
        },        
        {
            "predicate": {
                "custom_model_data": 16
            },
            "model": "item/horn_coral"
        },
        {
            "predicate": {
                "custom_model_data": 64
            },
            "model": "item/horn_coral"
        }
    ]
}
