{
    "parent": "item/handheld",
    "textures": {
        "layer0": "item/iron_pickaxe"
    },
    "overrides": [
        {
            "predicate": {
                "custom_model_data": 10
            },
            "model": "gm4:item/end_fishing/tools/iron_pickaxe_10"
        },
        {
            "predicate": {
                "custom_model_data": 11
            },
            "model": "gm4:item/end_fishing/tools/iron_pickaxe_11"
        },
        {
            "predicate": {
                "custom_model_data": 12
            },
            "model": "gm4:item/end_fishing/tools/iron_pickaxe_12"
        },
        {
            "predicate": {
                "custom_model_data": 13
            },
            "model": "gm4:item/end_fishing/tools/iron_pickaxe_13"
        },
        {
            "predicate": {
                "custom_model_data": 14
            },
            "model": "gm4:item/end_fishing/tools/iron_pickaxe_14"
        },
        {
            "predicate": {
                "custom_model_data": 15
            },
            "model": "gm4:item/end_fishing/tools/iron_pickaxe_15"
        },
        {
            "predicate": {
                "custom_model_data": 16
            },
            "model": "gm4:item/end_fishing/tools/iron_pickaxe_16"
        },
        {
            "predicate": {
                "custom_model_data": 17
            },
            "model": "gm4:item/end_fishing/tools/iron_pickaxe_17"
        },
        {
            "predicate": {
                "custom_model_data": 18
            },
            "model": "gm4:item/end_fishing/tools/iron_pickaxe_18"
        },
        {
            "predicate": {
                "custom_model_data": 19
            },
            "model": "gm4:item/end_fishing/tools/iron_pickaxe_19"
        },
        {
            "predicate": {
                "custom_model_data": 20
            },
            "model": "item/iron_pickaxe"
        },
        {
            "predicate": {
                "custom_model_data": 107
            },
            "model": "gm4:item/metallurgy/shamir/copper/iron_pickaxe"
        },
        {
            "predicate": {
                "custom_model_data": 108
            },
            "model": "item/iron_pickaxe"
        },
        {
            "predicate": {
                "custom_model_data": 110
            },
            "model": "gm4:item/metallurgy/shamir/copper/iron_pickaxe"
        },
        {
            "predicate": {
                "custom_model_data": 111
            },
            "model": "gm4:item/metallurgy/shamir/thorium_brass/iron_pickaxe"
        },
        {
            "predicate": {
                "custom_model_data": 112
            },
            "model": "item/iron_pickaxe"
        },
        {
            "predicate": {
                "custom_model_data": 113
            },
            "model": "gm4:item/metallurgy/shamir/aluminium/iron_pickaxe"
        },
        {
            "predicate": {
                "custom_model_data": 114
            },
            "model": "gm4:item/metallurgy/shamir/thorium_brass/iron_pickaxe"
        },
        {
            "predicate": {
                "custom_model_data": 115
            },
            "model": "item/iron_pickaxe"
        }
    ]
}
