{
    "parent": "item/handheld",
    "textures": {
        "layer0": "item/iron_axe"
    },
    "overrides": [

        {
            "predicate": {
                "custom_model_data": 104
            },
            "model": "gm4:item/metallurgy/shamir/thorium/iron_axe"
        },
        {
            "predicate": {
                "custom_model_data": 105
            },
            "model": "item/iron_axe"
        },
        {
            "predicate": {
                "custom_model_data": 110
            },
            "model": "gm4:item/metallurgy/shamir/copper/iron_axe"
        },
        {
            "predicate": {
                "custom_model_data": 111
            },
            "model": "gm4:item/metallurgy/shamir/thorium_brass/iron_axe"
        },
        {
            "predicate": {
                "custom_model_data": 112
            },
            "model": "gm4:item/metallurgy/shamir/barium/iron_axe"
        },
        {
            "predicate": {
                "custom_model_data": 113
            },
            "model": "gm4:item/metallurgy/shamir/aluminium/iron_axe"
        },
        {
            "predicate": {
                "custom_model_data": 114
            },
            "model": "item/iron_axe"
        },
        {
            "predicate": {
                "custom_model_data": 117
            },
            "model": "gm4:item/metallurgy/shamir/thorium_brass/iron_axe"
        },
        {
            "predicate": {
                "custom_model_data": 118
            },
            "model": "item/iron_axe"
        }
    ]
}
