{
    "parent": "block/iron_ore",
    "overrides": [
        {
            "predicate": {
                "custom_model_data": 1
            },
            "model": "gm4:gui/advancements/icon/metallurgy_blast_ore"
        },
		{
            "predicate": {
                "custom_model_data": 2
            },
            "model": "gm4:block/iron_ore_display"
        },
        {
            "predicate": {
                "custom_model_data": 3
            },
            "model": "item/iron_ore"
        },

        {
            "predicate": {
                "custom_model_data": 16
            },
            "model": "item/iron_ore"
        },
        {
            "predicate": {
                "custom_model_data": 64
            },
            "model": "item/iron_ore"
        }
    ]
}
