{
    "parent": "item/generated",
    "textures": {
        "layer0": "block/ladder"
    },
    "overrides": [
        {
            "predicate": {
                "custom_model_data": 1
            },
            "model": "gm4:gui/advancements/icon/vertical_rails"
        },
        {
            "predicate": {
                "custom_model_data": 2
            },
            "model": "item/ladder"
        },
        {
            "predicate": {
                "custom_model_data": 16
            },
            "model": "item/ladder"
        },
        {
            "predicate": {
                "custom_model_data": 64
            },
            "model": "item/ladder"
        }
    ]
}
