{
    "parent": "item/generated",
    "textures": {
        "layer0": "item/leather_helmet",
        "layer1": "item/leather_helmet_overlay"
    },
    "overrides": [
	    {
            "predicate": {
                "custom_model_data": 1
            },
            "model": "gm4:item/sky_dimension/leather_helmet_1"
        },
	    {
            "predicate": {
                "custom_model_data": 2
            },
            "model": "item/leather_helmet"
        },
        {
            "predicate": {
                "custom_model_data": 103
            },
            "model": "gm4:item/metallurgy/shamir/aluminium/leather_helmet"
        },
        {
            "predicate": {
                "custom_model_data": 104
            },
            "model": "item/leather_helmet"
        },
        {
            "predicate": {
                "custom_model_data": 106
            },
            "model": "gm4:item/metallurgy/shamir/aluminium/leather_helmet"
        },
        {
            "predicate": {
                "custom_model_data": 107
            },
            "model": "item/leather_helmet"
        }
    ]
}
