{
    "parent": "item/generated",
    "textures": {
        "layer0": "item/leather_boots",
        "layer1": "item/leather_boots_overlay"
    },
    "overrides": [
        {
            "predicate": {
                "custom_model_data": 1
            },
            "model": "gm4:item/boots_of_ostara"
        },
        {
            "predicate": {
                "custom_model_data": 2
            },
            "model": "gm4:item/flippers"
        },
        {
            "predicate": {
                "custom_model_data": 3
            },
            "model": "gm4:gui/advancements/icon/boots_of_ostara"
        },
        {
            "predicate": {
                "custom_model_data": 4
            },
            "model": "item/leather_boots"
        },		
        {
            "predicate": {
                "custom_model_data": 102
            },
            "model": "gm4:item/metallurgy/shamir/aluminium/leather_boots"
        },
        {
            "predicate": {
                "custom_model_data": 103
            },
            "model": "gm4:item/metallurgy/shamir/aluminium/leather_boots"
        },
        {
            "predicate": {
                "custom_model_data": 104
            },
            "model": "item/leather_boots"
        },
        {
            "predicate": {
                "custom_model_data": 106
            },
            "model": "gm4:item/metallurgy/shamir/aluminium/leather_boots"
        },
        {
            "predicate": {
                "custom_model_data": 107
            },
            "model": "item/leather_boots"
        }
    ]
}
