{
    "parent": "block/light_blue_stained_glass",
    "overrides": [
        {
            "predicate": {
                "custom_model_data": 1
            },
            "model": "item/light_blue_stained_glass"
        },
        {
            "predicate": {
                "custom_model_data": 2
            },
            "model": "gm4:gui/advancements/icon/sky_dimension_sky_lens"
        },
        {
            "predicate": {
                "custom_model_data": 16
            },
            "model": "item/light_blue_stained_glass"
        },
        {
            "predicate": {
                "custom_model_data": 64
            },
            "model": "item/light_blue_stained_glass"
        }
    ]
}
