{
    "parent": "item/generated",
    "textures": {
        "layer0": "item/nether_brick"
    },
    "overrides": [
        {
            "predicate": {
                "custom_model_data": 1
            },
            "model": "gm4:item/sky_dimension/netherite_damascus_billet"
        },
        {
            "predicate": {
                "custom_model_data": 2
            },
            "model": "item/nether_brick"
        },
        
        {
            "predicate": {
                "custom_model_data": 16
            },
            "model": "item/nether_brick"
        },
        {
            "predicate": {
                "custom_model_data": 64
            },
            "model": "item/nether_brick"
        }
    ]
}
