{
    "parent": "block/oak_planks",
    "overrides": [
        {
            "predicate": {
                "custom_model_data": 1
            },
            "model": "gm4:gui/advancements/icon/desire_lines_8000"
        },
        {
            "predicate": {
                "custom_model_data": 2
            },
            "model": "item/oak_planks"
        },
        
        {
            "predicate": {
                "custom_model_data": 16
            },
            "model": "item/oak_planks"
        },
        {
            "predicate": {
                "custom_model_data": 64
            },
            "model": "item/oak_planks"
        }
    ]
}
