{
  "parent": "minecraft:item/generated",
  "textures": {
    "layer0": "minecraft:block/oak_sapling"
  },
    "overrides": [
        {
            "predicate": {
                "custom_model_data": 4
            },
            "model": "gm4:item/apple_tree_sapling"
        },
        {
            "predicate": {
                "custom_model_data": 5
            },
            "model": "item/oak_sapling"
        },
        {
            "predicate": {
                "custom_model_data": 16
            },
            "model": "item/oak_sapling"
        },
        {
            "predicate": {
                "custom_model_data": 64
            },
            "model": "item/oak_sapling"
        }
	]
}
