{
    "parent": "item/template_skull",
    "overrides": [
        {
            "predicate": {
                "custom_model_data": 1
            },
            "model": "gm4:block/block_compressor"
        },
        {
            "predicate": {
                "custom_model_data": 2
            },
            "model": "gm4:block/ender_hopper"
        },
        {
            "predicate": {
                "custom_model_data": 3
            },
            "model": "gm4:gui/advancements/icon/enderman_support_class"
        },
        {
            "predicate": {
                "custom_model_data": 4
            },
            "model": "gm4:gui/advancements/icon/heart_canisters_tier_1"
        },
        {
            "predicate": {
                "custom_model_data": 5
            },
            "model": "gm4:gui/advancements/icon/heart_canisters_tier_2"
        },
        {
            "predicate": {
                "custom_model_data": 6
            },
            "model": "gm4:gui/advancements/icon/heart_canisters_max"
        },
        {
            "predicate": {
                "custom_model_data": 7
            },
            "model": "gm4:item/heart_canister_tier_1"
        },
        {
            "predicate": {
                "custom_model_data": 8
            },
            "model": "gm4:item/heart_canister_tier_2"
        },
        {
            "predicate": {
                "custom_model_data": 9
            },
            "model": "gm4:item/scuba_helmet"
        },
        {
            "predicate": {
                "custom_model_data": 10
            },
            "model": "gm4:item/crystal_of_resistance"
        },
        {
            "predicate": {
                "custom_model_data": 11
            },
            "model": "gm4:item/crystal_of_fire_resistance"
        },
        {
            "predicate": {
                "custom_model_data": 12
            },
            "model": "gm4:item/crystal_of_speed"
        },
        {
            "predicate": {
                "custom_model_data": 13
            },
            "model": "gm4:item/crystal_of_regeneration"
        },
        {
            "predicate": {
                "custom_model_data": 14
            },
            "model": "gm4:item/enderpuff"
        },
        {
            "predicate": {
                "custom_model_data": 15
            },
            "model": "gm4:gui/advancements/icon/tinkering_compressor"
        },
        {
            "predicate": {
                "custom_model_data": 16
            },
            "model": "item/player_head"
        },
        {
            "predicate": {
                "custom_model_data": 18
            },
            "model": "gm4:item/malachite_lump"
        },
        {
            "predicate": {
                "custom_model_data": 19
            },
            "model": "gm4:item/baryte_lump"
        },
        {
            "predicate": {
                "custom_model_data": 20
            },
            "model": "gm4:item/thorianite_lump"
        },		
        {
            "predicate": {
                "custom_model_data": 21
            },
            "model": "gm4:item/bauxite_lump"
        },
        {
            "predicate": {
                "custom_model_data": 22
            },
            "model": "gm4:item/mundane_band"
        },
        {
            "predicate": {
                "custom_model_data": 23
            },
            "model": "item/player_head"
        },
        {
            "predicate": {
                "custom_model_data": 27
            },
            "model": "gm4:item/relocator"
        },
        {
            "predicate": {
                "custom_model_data": 28
            },
            "model": "gm4:item/relocator_custom_crafter"
        },
        {
            "predicate": {
                "custom_model_data": 29
            },
            "model": "gm4:item/relocator_master_crafter"
        },
        {
            "predicate": {
                "custom_model_data": 30
            },
            "model": "gm4:item/relocator_compressor"
        },
        {
            "predicate": {
                "custom_model_data": 31
            },
            "model": "gm4:item/relocator_ender_hopper"
        },
        {
            "predicate": {
                "custom_model_data": 32
            },
            "model": "gm4:item/relocator_liquid_tank"
        },
        {
            "predicate": {
                "custom_model_data": 33
            },
            "model": "gm4:item/relocator_smeltery"
        },
        {
            "predicate": {
                "custom_model_data": 34
            },
            "model": "gm4:item/relocator_enchantment_extractor"
        },
        {
            "predicate": {
                "custom_model_data": 35
            },
            "model": "gm4:item/relocator_disassembler"
        },
        {
            "predicate": {
                "custom_model_data": 36
            },
            "model": "gm4:item/relocator_tinkering_compressor"
        },
        {
            "predicate": {
                "custom_model_data": 37
            },
            "model": "gm4:item/relocator_teleportation_jammer"
        },
        {
            "predicate": {
                "custom_model_data": 38
            },
            "model": "gm4:item/relocator_teleportation_anchor"
        },
        {
            "predicate": {
                "custom_model_data": 39
            },
            "model": "gm4:gui/advancements/icon/relocator"
        },
        {
            "predicate": {
                "custom_model_data": 40
            },
            "model": "gm4:item/tnt_landmine"
        },
        {
            "predicate": {
                "custom_model_data": 41
            },
            "model": "gm4:item/tnt_landmine_grass"
        },
        {
            "predicate": {
                "custom_model_data": 42
            },
            "model": "gm4:item/tnt_landmine_dirt"
        },
        {
            "predicate": {
                "custom_model_data": 43
            },
            "model": "gm4:item/tnt_landmine_stone"
        },
        {
            "predicate": {
                "custom_model_data": 44
            },
            "model": "gm4:item/tnt_landmine_stone_bricks"
        },
        {
            "predicate": {
                "custom_model_data": 45
            },
            "model": "gm4:item/tnt_landmine_crafting_table"
        },
        {
            "predicate": {
                "custom_model_data": 46
            },
            "model": "gm4:item/tnt_landmine_netherrack"
        },
        {
            "predicate": {
                "custom_model_data": 47
            },
            "model": "gm4:item/tnt_landmine_invisible"
        },
        {
            "predicate": {
                "custom_model_data": 48
            },
            "model": "gm4:gui/advancements/icon/scuba_gear"
        },
        {
            "predicate": {
                "custom_model_data": 49
            },
            "model": "gm4:gui/advancements/icon/metallurgy_blast_ore"
        },
        {
            "predicate": {
                "custom_model_data": 50
            },
            "model": "gm4:gui/advancements/icon/metallurgy_cast"
        },
        {
            "predicate": {
                "custom_model_data": 51
            },
            "model": "gm4:item/sky_dimension/aetherpuff"
        },
        {
            "predicate": {
                "custom_model_data": 52
            },
            "model": "gm4:gui/advancements/icon/sky_dimension_aetherpuff"
        },
        {
            "predicate": {
                "custom_model_data": 53
            },
            "model": "item/player_head"
        },
        {
            "predicate": {
                "custom_model_data": 64
            },
            "model": "item/player_head"
        },
        {
            "predicate": {
                "custom_model_data": 100
            },
            "model": "gm4:item/thorium_brass_band"
        },
        {
            "predicate": {
                "custom_model_data": 101
            },
            "model": "gm4:item/barium_band"
        },
        {
            "predicate": {
                "custom_model_data": 102
            },
            "model": "gm4:item/aluminium_band"
        },
        {
            "predicate": {
                "custom_model_data": 103
            },
            "model": "gm4:item/aluminium_band"
        },
        {
            "predicate": {
                "custom_model_data": 104
            },
            "model": "gm4:item/thorium_band"
        },
        {
            "predicate": {
                "custom_model_data": 105
            },
            "model": "gm4:item/thorium_band"
        },
        {
            "predicate": {
                "custom_model_data": 106
            },
            "model": "gm4:item/aluminium_band"
        },
        {
            "predicate": {
                "custom_model_data": 107
            },
            "model": "gm4:item/copper_band"
        },
        {
            "predicate": {
                "custom_model_data": 108
            },
            "model": "gm4:item/barimium_band"
        },
        {
            "predicate": {
                "custom_model_data": 109
            },
            "model": "gm4:item/barimium_band"
        },
        {
            "predicate": {
                "custom_model_data": 110
            },
            "model": "gm4:item/copper_band"
        },
        {
            "predicate": {
                "custom_model_data": 111
            },
            "model": "gm4:item/thorium_brass_band"
        },
        {
            "predicate": {
                "custom_model_data": 112
            },
            "model": "gm4:item/barium_band"
        },
        {
            "predicate": {
                "custom_model_data": 113
            },
            "model": "gm4:item/aluminium_band"
        },
        {
            "predicate": {
                "custom_model_data": 114
            },
            "model": "gm4:item/thorium_brass_band"
        },
        {
            "predicate": {
                "custom_model_data": 115
            },
            "model": "gm4:item/barimium_band"
        },
        {
            "predicate": {
                "custom_model_data": 116
            },
            "model": "gm4:item/copper_band"
        },
        {
            "predicate": {
                "custom_model_data": 117
            },
            "model": "gm4:item/thorium_brass_band"
        },
        {
            "predicate": {
                "custom_model_data": 118
            },
            "model": "item/player_head"
        }
    ]
}
