{
    "parent": "item/generated",
    "textures": {
        "layer0": "item/poisonous_potato"
    },
    "overrides": [
        {
            "predicate": {
                "custom_model_data": 1
            },
            "model": "gm4:gui/advancements/icon/chairs_sit"
        },
        {
            "predicate": {
                "custom_model_data": 2
            },
            "model": "item/poisonous_potato"
        },      
        {
            "predicate": {
                "custom_model_data": 16
            },
            "model": "item/poisonous_potato"
        },
        {
            "predicate": {
                "custom_model_data": 64
            },
            "model": "item/poisonous_potato"
        }
    ]
}
