{
    "parent": "item/generated",
    "textures": {
        "layer0": "item/potion_overlay",
        "layer1": "item/potion"
    },
    "overrides": [
        {
            "predicate": {
                "custom_model_data": 1
            },
            "model": "gm4:item/wormhole_in_a_bottle"
        },
        {
            "predicate": {
                "custom_model_data": 2
            },
            "model": "gm4:gui/advancements/icon/potion_liquids"
        },
        {
            "predicate": {
                "custom_model_data": 3
            },
            "model": "gm4:gui/advancements/icon/ambrosia_bottled_honey"
        },
        {
            "predicate": {
                "custom_model_data": 4
            },
            "model": "item/potion"
        }
    ]
}
