{
    "parent": "block/purpur_pillar",
    "overrides": [
        {
            "predicate": {
                "custom_model_data": 1
            },
            "model": "gm4:block/teleportation_jammer"
        },
        {
            "predicate": {
                "custom_model_data": 2
            },
            "model": "item/purpur_pillar"
        },
        {
            "predicate": {
                "custom_model_data": 16
            },
            "model": "item/purpur_pillar"
        },
        {
            "predicate": {
                "custom_model_data": 64
            },
            "model": "item/purpur_pillar"
        }
    ]
}
