{
    "parent": "item/generated",
    "textures": {
        "layer0": "item/rabbit_foot"
    },
    "overrides": [
        {
            "predicate": {
                "custom_model_data": 1
            },
            "model": "gm4:gui/advancements/icon/zauber_cauldrons_rabbit"
        },
        {
            "predicate": {
                "custom_model_data": 2
            },
            "model": "item/rabbit_foot"
        },
        
        {
            "predicate": {
                "custom_model_data": 16
            },
            "model": "item/rabbit_foot"
        },
        {
            "predicate": {
                "custom_model_data": 64
            },
            "model": "item/rabbit_foot"
        }
    ]
}
