{
    "parent": "block/sand",
    "overrides": [
        {
            "predicate": {
                "custom_model_data": 1
            },
            "model": "gm4:block/sand_display"
        },
        {
            "predicate": {
                "custom_model_data": 2
            },
            "model": "item/sand"
        },
        {
            "predicate": {
                "custom_model_data": 16
            },
            "model": "item/sand"
        },
        {
            "predicate": {
                "custom_model_data": 64
            },
            "model": "item/sand"
        }
    ]
}
