{
    "parent": "item/generated",
    "textures": {
        "layer0": "item/shulker_shell"
    },
    "overrides": [
        {
            "predicate": {
                "custom_model_data": 1
            },
            "model": "gm4:item/charred_shell"
        },
        {
            "predicate": {
                "custom_model_data": 2
            },
            "model": "item/shulker_shell"
        },
        {
            "predicate": {
                "custom_model_data": 16
            },
            "model": "item/shulker_shell"
        },
        {
            "predicate": {
                "custom_model_data": 64
            },
            "model": "item/shulker_shell"
        }
    ]
}
