{
    "parent": "item/handheld",
    "textures": {
        "layer0": "item/stone_pickaxe"
    },
    "overrides": [
        {
            "predicate": {
                "custom_model_data": 107
            },
            "model": "gm4:item/metallurgy/shamir/copper/stone_pickaxe"
        },
        {
            "predicate": {
                "custom_model_data": 118
            },
            "model": "item/stone_pickaxe"
        },
        {
            "predicate": {
                "custom_model_data": 110
            },
            "model": "gm4:item/metallurgy/shamir/copper/stone_pickaxe"
        },
        {
            "predicate": {
                "custom_model_data": 111
            },
            "model": "gm4:item/metallurgy/shamir/thorium_brass/stone_pickaxe"
        },
        {
            "predicate": {
                "custom_model_data": 113
            },
            "model": "gm4:item/metallurgy/shamir/aluminium/stone_pickaxe"
        },
        {
            "predicate": {
                "custom_model_data": 114
            },
            "model": "gm4:item/metallurgy/shamir/thorium_brass/stone_pickaxe"
        },
        {
            "predicate": {
                "custom_model_data": 115
            },
            "model": "item/stone_pickaxe"
        }
    ]
}
