{
    "parent": "item/handheld",
    "textures": {
        "layer0": "item/stone_shovel"
    },
    "overrides": [
        {
            "predicate": {
                "custom_model_data": 110
            },
            "model": "gm4:item/metallurgy/shamir/copper/stone_shovel"
        },
        {
            "predicate": {
                "custom_model_data": 111
            },
            "model": "gm4:item/metallurgy/shamir/thorium_brass/stone_shovel"
        },
        {
            "predicate": {
                "custom_model_data": 112
            },
            "model": "item/stone_shovel"
        },
        {
            "predicate": {
                "custom_model_data": 113
            },
            "model": "gm4:item/metallurgy/shamir/aluminium/stone_shovel"
        },
        {
            "predicate": {
                "custom_model_data": 114
            },
            "model": "gm4:item/metallurgy/shamir/thorium_brass/stone_shovel"
        },
        {
            "predicate": {
                "custom_model_data": 115
            },
            "model": "item/stone_shovel"
        }
    ]
}
