{
    "parent": "block/stone",
    "overrides": [
        {
            "predicate": {
                "custom_model_data": 1
            },
            "model": "gm4:gui/advancements/icon/template_pack"
        },
        {
            "predicate": {
                "custom_model_data": 2
            },
            "model": "item/stone"
        },
        {
            "predicate": {
                "custom_model_data": 16
            },
            "model": "item/stone"
        },
		{
            "predicate": {
                "custom_model_data": 43
            },
            "model": "gm4:entity/tnt_landmines/tnt_landmine_stone"
        },
        {
            "predicate": {
                "custom_model_data": 44
            },
            "model": "item/stone"
        },
        {
            "predicate": {
                "custom_model_data": 64
            },
            "model": "item/stone"
        }
    ]
}
