{
    "parent": "block/tnt",
    "overrides": [
        {
            "predicate": {
                "custom_model_data": 1
            },
            "model": "gm4:block/disassembler"
        },
        {
            "predicate": {
                "custom_model_data": 2
            },
            "model": "gm4:gui/advancements/icon/disassemblers"
        },
        {
            "predicate": {
                "custom_model_data": 3
            },
            "model": "item/tnt"
        },
        {
            "predicate": {
                "custom_model_data": 16
            },
            "model": "item/tnt"
        },
		{
            "predicate": {
                "custom_model_data": 40
            },
            "model": "gm4:entity/tnt_landmines/tnt_landmine"
        },
        {
            "predicate": {
                "custom_model_data": 41
            },
            "model": "item/tnt"
        },
        {
            "predicate": {
                "custom_model_data": 64
            },
            "model": "item/tnt"
        }
    ]
}
