{
    "parent": "item/generated",
    "textures": {
        "layer0": "item/turtle_helmet"
    },
    "overrides": [
        {
            "predicate": {
                "custom_model_data": 103
            },
            "model": "gm4:item/metallurgy/shamir/aluminium/turtle_helmet"
        },
        {
            "predicate": {
                "custom_model_data": 104
            },
            "model": "item/turtle_helmet"
        },
        {
            "predicate": {
                "custom_model_data": 106
            },
            "model": "gm4:item/metallurgy/shamir/aluminium/turtle_helmet"
        },
        {
            "predicate": {
                "custom_model_data": 107
            },
            "model": "item/turtle_helmet"
        }
    ]
}
