{
    "parent": "item/generated",
    "textures": {
        "layer0": "item/warped_sign"
    },
    "overrides": [
        {
            "predicate": {
                "custom_model_data": 1
            },
            "model": "gm4:item/trapped_warped_sign"
        },
        {
            "predicate": {
                "custom_model_data": 2
            },
            "model": "gm4:item/secret_trapped_warped_sign"
        },
        {
            "predicate": {
                "custom_model_data": 3
            },
            "model": "item/warped_sign"
        },
        
        {
            "predicate": {
                "custom_model_data": 16
            },
            "model": "item/warped_sign"
        },
        {
            "predicate": {
                "custom_model_data": 64
            },
            "model": "item/warped_sign"
        }
    ]
}
