{
    "parent": "item/generated",
    "textures": {
        "layer0": "item/white_dye"
    },
    "overrides": [
        {
            "predicate": {
                "custom_model_data": 1
            },
            "model": "gm4:item/larvae"
        },
        {
            "predicate": {
                "custom_model_data": 2
            },
            "model": "gm4:gui/advancements/icon/ambrosia_find_larvae"
        },
        {
            "predicate": {
                "custom_model_data": 3
            },
            "model": "gm4:item/sky_dimension/phantom_bait"
        },
        {
            "predicate": {
                "custom_model_data": 4
            },
            "model": "item/white_dye"
        },
        
        {
            "predicate": {
                "custom_model_data": 16
            },
            "model": "item/white_dye"
        },
        {
            "predicate": {
                "custom_model_data": 64
            },
            "model": "item/white_dye"
        }
    ]
}
