{
  "parent": "minecraft:item/generated",
  "textures": {
    "layer0": "minecraft:block/white_tulip"
  },
    "overrides": [
        {
            "predicate": {
                "custom_model_data": 1
            },
            "model": "gm4:gui/advancements/icon/sky_dimension_root"
        },
        {
            "predicate": {
                "custom_model_data": 2
            },
            "model": "item/white_tulip"
        },
        {
            "predicate": {
                "custom_model_data": 16
            },
            "model": "item/white_tulip"
        },
        {
            "predicate": {
                "custom_model_data": 64
            },
            "model": "item/white_tulip"
        }
	]
}
