{
    "parent": "item/handheld",
    "textures": {
        "layer0": "item/wooden_hoe"
    },
    "overrides": [
        {
            "predicate": {
                "custom_model_data": 109
            },
            "model": "gm4:item/metallurgy/shamir/barimium/wooden_hoe"
        },
        {
            "predicate": {
                "custom_model_data": 110
            },
            "model": "item/wooden_hoe"
        },
        {
            "predicate": {
                "custom_model_data": 111
            },
            "model": "gm4:item/metallurgy/shamir/thorium_brass/wooden_hoe"
        },
        {
            "predicate": {
                "custom_model_data": 112
            },
            "model": "item/wooden_hoe"
        },
        {
            "predicate": {
                "custom_model_data": 113
            },
            "model": "gm4:item/metallurgy/shamir/aluminium/wooden_hoe"
        },
        {
            "predicate": {
                "custom_model_data": 114
            },
            "model": "item/wooden_hoe"
        }
    ]
}
