{
    "parent": "item/handheld",
    "textures": {
        "layer0": "item/wooden_sword"
    },
    "overrides": [
        {
            "predicate": {
                "custom_model_data": 105
            },
            "model": "gm4:item/metallurgy/shamir/thorium/wooden_sword"
        },
        {
            "predicate": {
                "custom_model_data": 106
            },
            "model": "item/wooden_sword"
        },
        {
            "predicate": {
                "custom_model_data": 108
            },
            "model": "gm4:item/metallurgy/shamir/barimium/wooden_sword"
        },
        {
            "predicate": {
                "custom_model_data": 109
            },
            "model": "item/wooden_sword"
        },
        {
            "predicate": {
                "custom_model_data": 110
            },
            "model": "gm4:item/metallurgy/shamir/copper/wooden_sword"
        },
        {
            "predicate": {
                "custom_model_data": 111
            },
            "model": "item/wooden_sword"
        },
        {
            "predicate": {
                "custom_model_data": 116
            },
            "model": "gm4:item/metallurgy/shamir/copper/wooden_sword"
        },
        {
            "predicate": {
                "custom_model_data": 117
            },
            "model": "gm4:item/metallurgy/shamir/thorium_brass/wooden_sword"
        },
        {
            "predicate": {
                "custom_model_data": 118
            },
            "model": "item/wooden_sword"
        }
    ]
}
