{
	"gui_light": "front",
	"ambientocclusion": false,
	"textures": {
		"0": "./shield_2",
		"particle": "./shield_2"
	},
	"elements": [
		{
			"name": "bone",
			"from": [-1, -7, 2],
			"to": [1, -5, 3],
			"faces": {
				"north": {"uv": [1, 6.5, 1.5, 7], "texture": "#0"},
				"east": {"uv": [0.75, 6.5, 1, 7], "texture": "#0"},
				"south": {"uv": [0.25, 6.5, 0.75, 7], "texture": "#0"},
				"west": {"uv": [0, 6.5, 0.25, 7], "texture": "#0"},
				"up": {"uv": [0.75, 6.5, 0.25, 6.25], "rotation": 180, "texture": "#0"},
				"down": {"uv": [1.25, 6.25, 0.75, 6.5], "rotation": 180, "texture": "#0"}
			}
		},
		{
			"name": "bone",
			"from": [-0.5, -6.5, 3],
			"to": [0.5, -5.5, 4],
			"faces": {
				"north": {"uv": [0.75, 7.25, 1, 7.5], "texture": "#0"},
				"east": {"uv": [0.5, 7.25, 0.75, 7.5], "texture": "#0"},
				"south": {"uv": [0.25, 7.25, 0.5, 7.5], "texture": "#0"},
				"west": {"uv": [0, 7.25, 0.25, 7.5], "texture": "#0"},
				"up": {"uv": [0.5, 7.25, 0.25, 7], "rotation": 180, "texture": "#0"},
				"down": {"uv": [0.75, 7, 0.5, 7.25], "rotation": 180, "texture": "#0"}
			}
		},
		{
			"name": "bone",
			"from": [-1, -0.5, 2],
			"to": [1, 1.5, 3],
			"faces": {
				"north": {"uv": [1, 6.5, 1.5, 7], "texture": "#0"},
				"east": {"uv": [0.75, 6.5, 1, 7], "texture": "#0"},
				"south": {"uv": [0.25, 6.5, 0.75, 7], "texture": "#0"},
				"west": {"uv": [0, 6.5, 0.25, 7], "texture": "#0"},
				"up": {"uv": [0.75, 6.5, 0.25, 6.25], "rotation": 180, "texture": "#0"},
				"down": {"uv": [1.25, 6.25, 0.75, 6.5], "rotation": 180, "texture": "#0"}
			}
		},
		{
			"name": "bone",
			"from": [-0.5, 0, 3],
			"to": [0.5, 1, 4],
			"faces": {
				"north": {"uv": [0.75, 7.25, 1, 7.5], "texture": "#0"},
				"east": {"uv": [0.5, 7.25, 0.75, 7.5], "texture": "#0"},
				"south": {"uv": [0.25, 7.25, 0.5, 7.5], "texture": "#0"},
				"west": {"uv": [0, 7.25, 0.25, 7.5], "texture": "#0"},
				"up": {"uv": [0.5, 7.25, 0.25, 7], "rotation": 180, "texture": "#0"},
				"down": {"uv": [0.75, 7, 0.5, 7.25], "rotation": 180, "texture": "#0"}
			}
		},
		{
			"name": "bone",
			"from": [-1, 6, 2],
			"to": [1, 8, 3],
			"faces": {
				"north": {"uv": [1, 6.5, 1.5, 7], "texture": "#0"},
				"east": {"uv": [0.75, 6.5, 1, 7], "texture": "#0"},
				"south": {"uv": [0.25, 6.5, 0.75, 7], "texture": "#0"},
				"west": {"uv": [0, 6.5, 0.25, 7], "texture": "#0"},
				"up": {"uv": [0.75, 6.5, 0.25, 6.25], "rotation": 180, "texture": "#0"},
				"down": {"uv": [1.25, 6.25, 0.75, 6.5], "rotation": 180, "texture": "#0"}
			}
		},
		{
			"name": "bone",
			"from": [-0.5, 6.5, 3],
			"to": [0.5, 7.5, 4],
			"faces": {
				"north": {"uv": [0.75, 7.25, 1, 7.5], "texture": "#0"},
				"east": {"uv": [0.5, 7.25, 0.75, 7.5], "texture": "#0"},
				"south": {"uv": [0.25, 7.25, 0.5, 7.5], "texture": "#0"},
				"west": {"uv": [0, 7.25, 0.25, 7.5], "texture": "#0"},
				"up": {"uv": [0.5, 7.25, 0.25, 7], "rotation": 180, "texture": "#0"},
				"down": {"uv": [0.75, 7, 0.5, 7.25], "rotation": 180, "texture": "#0"}
			}
		},
		{
			"name": "shield",
			"from": [-7, 0, 1],
			"to": [7, 11, 2],
			"faces": {
				"north": {"uv": [4, 0.25, 7.5, 3], "texture": "#0"},
				"east": {"uv": [3.75, 0.25, 4, 3], "texture": "#0"},
				"south": {"uv": [0.25, 0.25, 3.75, 3], "texture": "#0"},
				"west": {"uv": [0, 0.25, 0.25, 3], "texture": "#0"},
				"up": {"uv": [3.75, 0.25, 0.25, 0], "rotation": 180, "texture": "#0"},
				"down": {"uv": [7.25, 0, 3.75, 0.25], "rotation": 180, "texture": "#0"}
			}
		},
		{
			"name": "shield",
			"from": [-5, -11, 1],
			"to": [5, -9, 2],
			"faces": {
				"north": {"uv": [3, 5.75, 5.5, 6.25], "texture": "#0"},
				"east": {"uv": [2.75, 5.75, 3, 6.25], "texture": "#0"},
				"south": {"uv": [0.25, 5.75, 2.75, 6.25], "texture": "#0"},
				"west": {"uv": [0, 5.75, 0.25, 6.25], "texture": "#0"},
				"up": {"uv": [2.75, 5.75, 0.25, 5.5], "rotation": 180, "texture": "#0"},
				"down": {"uv": [5.25, 5.5, 2.75, 5.75], "rotation": 180, "texture": "#0"}
			}
		},
		{
			"name": "shield",
			"from": [-6, -9, 1],
			"to": [6, 0, 2],
			"faces": {
				"north": {"uv": [3.5, 3.25, 6.5, 5.5], "texture": "#0"},
				"east": {"uv": [3.25, 3.25, 3.5, 5.5], "texture": "#0"},
				"south": {"uv": [0.25, 3.25, 3.25, 5.5], "texture": "#0"},
				"west": {"uv": [0, 3.25, 0.25, 5.5], "texture": "#0"},
				"up": {"uv": [3.25, 3, 0.25, 3.25], "rotation": 180, "texture": "#0"},
				"down": {"uv": [6.25, 3, 3.25, 3.25], "rotation": 180, "texture": "#0"}
			}
		},
		{
			"name": "shield",
			"from": [-1, -3, -5],
			"to": [1, 3, 1],
			"faces": {
				"north": {"uv": [11, 1.5, 11.5, 3], "texture": "#0"},
				"east": {"uv": [7.5, 1.5, 9, 3], "texture": "#0"},
				"south": {"uv": [9, 1.5, 9.5, 3], "texture": "#0"},
				"west": {"uv": [9.5, 1.5, 11, 3], "texture": "#0"},
				"up": {"uv": [9, 1.5, 9.5, 0], "rotation": 180, "texture": "#0"},
				"down": {"uv": [10, 0, 9.5, 1.5], "rotation": 180, "texture": "#0"}
			}
		}
	],
    "display": {
        "thirdperson_righthand": {
            "rotation": [ 0, 90, 0 ],
            "translation": [ 10, 6, -4 ],
            "scale": [ 1, 1, 1 ]
        },
        "thirdperson_lefthand": {
            "rotation": [ 0, 90, 0 ],
            "translation": [ 10, 6, 12 ],
            "scale": [ 1, 1, 1 ]
        },
        "firstperson_righthand": {
            "rotation": [ 0, 180, 5 ],
            "translation": [ -10, 2, -10 ],
            "scale": [ 1.25, 1.25, 1.25 ]
        },
        "firstperson_lefthand": {
            "rotation": [ 0, 180, 5 ],
            "translation": [ 10, 0, -10 ],
            "scale": [ 1.25, 1.25, 1.25 ]
        },
        "gui": {
            "rotation": [ 15, -25, -5 ],
            "translation": [ 2, 3, 0 ],
            "scale": [ 0.65, 0.65, 0.65 ]
        },
        "fixed": {
            "rotation": [ 0, 180, 0 ],
            "translation": [ -2, 4, -5],
            "scale":[ 0.5, 0.5, 0.5]
        },
        "ground": {
            "rotation": [ 0, 0, 0 ],
            "translation": [ 4, 4, 2],
            "scale":[ 0.25, 0.25, 0.25]
        }
    },
	"overrides": [
	]
}
