{
	"gui_light": "front",
	"ambientocclusion": false,
	"textures": {
		"0": "./shield_1",
		"particle": "./shield_1"
	},
	"elements": [
		{
			"name": "shield",
			"from": [-5, -11, 2],
			"to": [5, 11, 3],
			"faces": {
				"north": {"uv": [3, 6, 5.5, 11.5], "texture": "#0"},
				"east": {"uv": [2.75, 6, 3, 11.5], "texture": "#0"},
				"south": {"uv": [0.25, 6, 2.75, 11.5], "texture": "#0"},
				"west": {"uv": [0, 6, 0.25, 11.5], "texture": "#0"},
				"up": {"uv": [2.75, 6, 0.25, 5.75], "rotation": 180, "texture": "#0"},
				"down": {"uv": [5.25, 5.75, 2.75, 6], "rotation": 180, "texture": "#0"}
			}
		},
		{
			"name": "shield",
			"from": [-6, -11, 1],
			"to": [6, 11, 2],
			"faces": {
				"north": {"uv": [3.5, 0.25, 6.5, 5.75], "texture": "#0"},
				"east": {"uv": [3.25, 0.25, 3.5, 5.75], "texture": "#0"},
				"south": {"uv": [0.25, 0.25, 3.25, 5.75], "texture": "#0"},
				"west": {"uv": [0, 0.25, 0.25, 5.75], "texture": "#0"},
				"up": {"uv": [3.25, 0.25, 0.25, 0], "rotation": 180, "texture": "#0"},
				"down": {"uv": [6.25, 0, 3.25, 0.25], "rotation": 180, "texture": "#0"}
			}
		},
		{
			"name": "shield",
			"from": [-1, -3, -5],
			"to": [1, 3, 1],
			"faces": {
				"north": {"uv": [10, 1.5, 10.5, 3], "texture": "#0"},
				"east": {"uv": [6.5, 1.5, 8, 3], "texture": "#0"},
				"south": {"uv": [8, 1.5, 8.5, 3], "texture": "#0"},
				"west": {"uv": [8.5, 1.5, 10, 3], "texture": "#0"},
				"up": {"uv": [8, 1.5, 8.5, 0], "rotation": 180, "texture": "#0"},
				"down": {"uv": [9, 0, 8.5, 1.5], "rotation": 180, "texture": "#0"}
			}
		}
	],
    "display": {
        "thirdperson_righthand": {
            "rotation": [ 0, 90, 0 ],
            "translation": [ 10, 6, -4 ],
            "scale": [ 1, 1, 1 ]
        },
        "thirdperson_lefthand": {
            "rotation": [ 0, 90, 0 ],
            "translation": [ 10, 6, 12 ],
            "scale": [ 1, 1, 1 ]
        },
        "firstperson_righthand": {
            "rotation": [ 0, 180, 5 ],
            "translation": [ -10, 2, -10 ],
            "scale": [ 1.25, 1.25, 1.25 ]
        },
        "firstperson_lefthand": {
            "rotation": [ 0, 180, 5 ],
            "translation": [ 10, 0, -10 ],
            "scale": [ 1.25, 1.25, 1.25 ]
        },
        "gui": {
            "rotation": [ 15, -25, -5 ],
            "translation": [ 2, 3, 0 ],
            "scale": [ 0.65, 0.65, 0.65 ]
        },
        "fixed": {
            "rotation": [ 0, 180, 0 ],
            "translation": [ -2, 4, -5],
            "scale":[ 0.5, 0.5, 0.5]
        },
        "ground": {
            "rotation": [ 0, 0, 0 ],
            "translation": [ 4, 4, 2],
            "scale":[ 0.25, 0.25, 0.25]
        }
    },
	"overrides": [
	]
}
