{
    "pools": [
        {
            "rolls": 2,
            "entries": [
                {
                    "type": "minecraft:item",
                    "name": "minecraft:apple",
                    "weight": 20,
                    "functions":[
                        {
                            "function": "minecraft:set_count",
                            "count":{
                                "max": 8,
                                "min": 0
                            }
                        }
                    ]
                },
                {
                    "type": "minecraft:item",
                    "name": "minecraft:experience_bottle",
                    "weight": 20,
                    "functions": [
                        {
                            "function": "minecraft:set_count",
                            "count": {
                                "max": 8,
                                "min": 0
                            }
                        }
                    ]
                },
                {
                    "type": "minecraft:item",
                    "name": "minecraft:iron_ingot",
                    "weight": 20,
                    "functions": [
                        {
                            "function": "minecraft:set_count",
                            "count": {
                                "max": 20,
                                "min": 1
                            }
                        }
                    ]
                }
            ]
        },
        {
            "rolls": 1,
            "entries": [
                {
                    "type": "minecraft:empty",
                    "weight": 70
                },
                {
                  "type": "minecraft:item",
                  "name": "minecraft:carrot_on_a_stick",
                  "weight": 10,
                  "functions": [
                    {
                      "function": "minecraft:set_name",
                      "name": [
                        {"text":"\u00a7r"},
                        {"translate": "tg.gadgets.summon_horse.name"}
                      ]
                    },
                    {
                      "function": "minecraft:set_lore",
                      "lore": [
                        {"text":"\u00a7r"},
                        {"translate": "tg.gadgets.summon_horse.lore"},
                        [{"keybind": "key.use"},{"translate":"tg.use"}]
                      ]
                    },
                    {
                        "function": "minecraft:set_nbt",
                        "tag": "{tg_tags:[summon_horse],CustomModelData:2}"
                    }
                  ]
                },
                {
                  "type": "minecraft:item",
                  "name": "minecraft:carrot_on_a_stick",
                  "weight": 1,
                  "functions": [
                    {
                      "function": "minecraft:set_name",
                      "name": [
                        {"text":"\u00a7r"},
                        {"translate": "tg.gadgets.teleporter.name"}
                      ]
                    },
                    {
                      "function": "minecraft:set_lore",
                      "lore": [
                        {"text":"\u00a7r"},
                        {"translate": "tg.gadgets.teleporter.lore"},
                        [{"keybind": "key.use"},{"translate":"tg.use"}]
                      ]
                    },
                    {
                        "function": "minecraft:set_nbt",
                        "tag": "{tg_tags:[teleporter],CustomModelData:3}"
                    }
                  ]
                }
            ]
        }
    ]
}