{
  "pools": [
    {
      "rolls": 3,
      "entries": [
        {
          "type": "minecraft:item",
          "name": "minecraft:iron_chestplate",
          "weight": 20,
          "functions": [
            {
              "function": "minecraft:enchant_randomly"
            },
            {
              "function": "minecraft:set_damage",
              "damage": {
                "max": 0.1,
                "min": 0
              }
            }
          ]
        },
        {
          "type": "minecraft:item",
          "name": "minecraft:iron_boots",
          "weight": 20,
          "functions": [
            {
              "function": "minecraft:enchant_randomly"
            },
            {
              "function": "minecraft:enchant_with_levels",
              "levels": {
                "max": 30,
                "min": 15
              }
            },
            {
              "function": "minecraft:set_damage",
              "damage": {
                "min": 0,
                "max": 0.1
              }
            }
          ]
        },
        {
          "type": "minecraft:item",
          "name": "minecraft:potion",
          "functions": [
            {
              "function": "minecraft:set_count",
              "count": 1
            },
            {
              "function": "minecraft:set_nbt",
              "tag": "{CustomPotionEffects:[\
                                              {Id:6,Amplifier:1,Duration:20,ShowParticles:0b},\
                                              {Id:10,Amplifier:2,Duration:600,ShowParticles:0b}\
                                              ],\
                                              }"
            },
            {
              "function": "minecraft:set_name",
              "name":[
                {"text":"\u00a7r"},
                {"translate": "tg.up","color":"green","bold":true},
                {"text":"     "},
                {"translate": "tg.def.up1.name","color":"white","bold": false}
              ]
            }
          ],
          "weight": 5
        },
        {
          "type": "minecraft:item",
          "name": "minecraft:iron_helmet",
          "weight": 20,
          "functions": [
            {
              "function": "minecraft:enchant_randomly"
            },
            {
              "function": "minecraft:set_damage",
              "damage": {
                "max": 0.1,
                "min": 0
              }
            }
          ]
        }
      ]
    },
    {
      "rolls": 1,
      "entries": [
        {
          "type": "minecraft:item",
          "name": "minecraft:ender_pearl",
          "weight": 5,
          "functions": [
            {
              "function": "minecraft:set_count",
              "count": {
                "max": 2,
                "min": 0
              }
            }
          ]
        }
      ]
    }
  ]
}