{
    "pools": [
        {
            "rolls": 1,
            "entries": [
                {
                    "type": "minecraft:loot_table",
                    "name": "towngame:chest_atk"
                }
            ]
        },
        {
            "rolls": 1,
            "entries": [
                {
                    "type": "minecraft:loot_table",
                    "name": "towngame:chest_def"
                }
            ]
        },
        {
            "rolls": 1,
            "entries": [
                {
                    "type": "minecraft:item",
                    "name": "minecraft:apple",
                    "functions": [
                        {
                            "function": "minecraft:set_count",
                            "count": {
                                "max": 8,
                                "min": 0
                            }
                        }
                    ]
                }
            ]
        },
        {
            "rolls": 1,
            "entries": [
                {
                    "type": "minecraft:item",
                    "name": "minecraft:ender_pearl",
                    "functions": [
                        {
                            "function": "minecraft:set_count",
                            "count": {
                                "max": 2,
                                "min": 0
                            }
                        }
                    ]
                }
            ]
        }
    ]
}