{
    "pools": [
        {
            "rolls": 1,
            "entries": [
                {
                    "type": "minecraft:loot_table",
                    "name": "supply:supply/standard/main",
                    "weight": 20
                },
                {
                    "type": "minecraft:loot_table",
                    "name": "supply:supply/extra/main",
                    "weight": 20
                }
            ]
        },
        {
            "rolls": 1,
            "entries": [
                {
                    "type": "minecraft:item",
                    "name": "minecraft:sunflower",
                    "weight": 30,
                    "functions": [
                        {
                            "function": "minecraft:set_count",
                            "count": {
                                "max": 8,
                                "min": 1
                            }
                        }
                    ]
                },
                {
                    "type": "minecraft:item",
                    "name": "minecraft:armor_stand",
                    "weight": 30,
                    "functions": [
                        {
                            "function": "minecraft:set_count",
                            "count": 1
                        }
                    ]
                }
            ]
        },
        {
            "rolls": 1,
            "entries": [
                {
                    "type": "minecraft:item",
                    "name": "minecraft:melon",
                    "weight": 30,
                    "functions": [
                        {
                            "function": "minecraft:set_count",
                            "count": {
                                "max": 8,
                                "min": 1
                            }
                        }
                    ]
                },
                {
                    "type": "minecraft:item",
                    "name": "minecraft:bookshelf",
                    "weight": 30,
                    "functions": [
                        {
                            "function": "minecraft:set_count",
                            "count": {
                                "max": 8,
                                "min": 1
                            }
                        }
                    ]
                },
                {
                    "type": "minecraft:item",
                    "name": "minecraft:white_terracotta",
                    "weight": 30,
                    "functions": [
                        {
                            "function": "minecraft:set_count",
                            "count": {
                                "max": 8,
                                "min": 1
                            }
                        }
                    ]
                }
            ]
        }
    ]
}