{
    "display": {
        "hidden": true,
        "icon": {
            "item": "minecraft:diamond",
            "nbt": "{Enchantments:[{id:\"minecraft:flame\"}]}"
        },
        "title": {
            "translate":"tg.advancement.insane_root.name",
            "color": "dark_red",
            "bold": true
        },
        "description": ""
    },
    "parent": "towngame:tgroot",
    "criteria": {
        "cmd": {
            "trigger": "minecraft:impossible"
        },
        "rank": {
            "trigger": "minecraft:impossible"
        }
    }
}