{
    "display": {
        "frame": "challenge",
        "icon": {
            "item": "diamond"
        },
        "title": [
            {
                "translate": "tg.advancement.insane.rank1.name",
                "color": "dark_red",
                "bold": true
            }
        ],
        "description": [{
            "translate": "tg.advancement.insane.rank1.desc",
            "color": "light_purple"
        }]
    },
    "parent": "towngame:insane_root",
    "criteria": {
        "rank": {
            "trigger": "minecraft:impossible"
        }
    }
}