{
    "display": {
        "frame": "challenge",
        "icon": {
            "item": "iron_ingot"
        },
        "title": [
            {
                "translate": "tg.advancement.insane.rank3.name",
                "color": "yellow",
                "bold": true
            }
        ],
        "description": [{
            "translate": "tg.advancement.insane.rank3.desc"
        }]
    },
    "parent": "towngame:insane_root",
    "criteria": {
        "rank": {
            "trigger": "minecraft:impossible"
        }
    }
}