{
  "pools": [
    {
      "rolls": 3,
      "entries": [
        {
          "type": "minecraft:item",
          "name": "minecraft:book",
          "weight": 10,
          "functions":[
            {
              "function": "minecraft:enchant_randomly"
            },
            {
              "function": "minecraft:enchant_with_levels",
              "levels":{
                "min": 30,
                "max": 90
              }
            }
          ]
        },
        {
          "type": "minecraft:item",
          "name": "minecraft:shield",
          "weight": 10,
          "functions": [
            {
              "function": "enchant_randomly"
            },
            {
              "function": "minecraft:enchant_with_levels",
              "levels": {
                "min": 30,
                "max": 90
              }
            },
            {
              "function": "minecraft:set_damage",
              "damage": {
                "max": 1,
                "min": 0
              }
            }
          ]
        },
        {
          "type": "item",
          "name": "minecraft:diamond_chestplate",
          "weight": 20,
          "functions": [
            {
              "function": "enchant_randomly"
            },
            {
              "function": "set_damage",
              "damage":{
                "max": 0.1,
                "min": 0
              }
            },
            {
              "function": "set_damage",
              "damage": 0
            }
          ]
        },
        {
          "type": "minecraft:item",
          "name": "minecraft:diamond_leggings",
          "weight": 20,
          "functions": [
            {
              "function": "minecraft:enchant_randomly"
            },
            {
              "function": "minecraft:set_damage",
              "damage":{
                "max": 0.1,
                "min": 0
              }
            },
            {
              "function": "minecraft:enchant_with_levels",
              "levels": {
                "min": 30,
                "max": 90
              }
            }
          ]
        },
        {
          "type": "item",
          "name": "diamond_boots",
          "weight": 20,
          "functions": [
            {
              "function": "enchant_randomly"
            },
            {
              "function": "enchant_with_levels",
              "levels": {
                "min": 30,
                "max": 90
              }
            },
            {
              "function": "set_damage",
              "damage": {
                "max": 0.05,
                "min": 0
              }
            }
          ]
        },
        {
          "type": "item",
          "name": "minecraft:potion",
          "functions": [
            {
              "function": "set_count",
              "count": {
                "min": 1,
                "max": 2
              }
            },
            {
              "function": "set_nbt",
              "tag": "{CustomPotionEffects:[\
                                              {Id:6,Amplifier:2,Duration:20,ShowParticles:0b},\
                                              {Id:10,Amplifier:3,Duration:200,ShowParticles:0b},\
                                              {Id:22,Amplifier:3,Duration:600}\
                                              ],\
                                              }"
            },
            {
              "function": "minecraft:set_name",
              "name":[
                {"text":"\u00a7r"},
                {"translate": "tg.up","color":"green","bold":true},
                {"text":"     "},
                {"translate": "tg.def.up1.name","color":"white","bold": false}
              ]
            }
          ],
          "weight": 5
        },
        {
          "type": "item",
          "name": "minecraft:diamond_helmet",
          "weight": 20,
          "functions": [
            {
              "function": "enchant_randomly"
            },
            {
              "function": "minecraft:enchant_with_levels",
              "levels": {
                "min": 30,
                "max": 90
              }
            },
            {
              "function": "set_damage",
              "damage": 0
            }
          ]
        }
      ]
    },
    {
      "rolls": 2,
      "entries": [
        {
          "type": "item",
          "name": "minecraft:splash_potion",
          "functions": [
            {
              "function": "set_count",
              "count": 1
            },
            {
              "function": "set_nbt",
              "tag": "{CustomPotionEffects:[\
                                              {Id:1,Amplifier:19,Duration:100,ShowParticles:0b},\
                                              {Id:28,Amplifier:0,Duration:600,ShowParticles:0b},\
                                              {Id:8,Amplifier:29,Duration:100,ShowParticles:0b},\
                                              {Id:18,Amplifier:254,Duration:200,ShowParticles:0b},\
                                              {Id:14,Amplifier:0,Duration:200,ShowParticles:0b},\
                                              {Id:16,Amplifier:0,Duration:200,ShowParticles:0b}],\
                      Potion:\"leaping\",\
                      CustomPotionColor:16777214\
                                              }"
            },
            {
              "function": "minecraft:set_name",
              "name":[
                {"text":"\u00a7r"},
                {"translate": "tg.up","color":"green","bold":true},
                {"text":"     "},
                {"translate": "tg.def.up2.name","color":"white","bold": false}
              ]
            }
          ],
          "weight": 1
        },
        {
          "type": "item",
          "name": "minecraft:potion",
          "functions": [
            {
              "function": "set_count",
              "count": {
                "min": 1,
                "max": 2
              }
            },
            {
              "function": "set_nbt",
              "tag": "{CustomPotionEffects:[\
                                              {Duration:600,Id:1,Amplifier:5,ShowParticles:0b},\
                                              {Duration:3000,Id:8,Amplifier:2,ShowParticles:0b},\
                                              {Duration:600,Id:10,Amplifier:2,ShowParticles:0b},\
                                              {Duration:20,Id:6,Amplifier:2,ShowParticles:0b},\
                                              {Duration:600,Id:14,Amplifier:2,ShowParticles:0b}],\
                                              Potion:\"leaping\",\
                                              CustomPotionColor:65280\
                                              }"
            },
            {
              "function": "minecraft:set_name",
              "name":[
                {"text":"\u00a7r"},
                {"translate": "tg.up","color":"green","bold":true},
                {"text":"     "},
                {"translate": "tg.def.up3.name","color":"white","bold": false}
              ]
            }
          ],
          "weight": 5
        },
        {
          "type": "item",
          "name": "minecraft:ender_pearl",
          "weight": 5,
          "functions": [
            {
              "function": "set_count",
              "count": {
                "max": 8,
                "min": 0
              }
            }
          ]
        }
      ]
    }
  ]
}