{
  "pools": [
    {
      "rolls": 3,
      "entries": [
        {
          "type": "minecraft:item",
          "name": "minecraft:crossbow",
          "weight": 50,
          "functions": [
            {
              "function": "minecraft:enchant_randomly"
            },
            {
              "function": "minecraft:enchant_with_levels",
              "levels": {
                "min": 90,
                "max": 90
              }
            },
            {
              "function": "minecraft:set_nbt",
              "tag": "{Enchantments:[{lvl:5s,id:\"minecraft:quick_charge\"}]}"
            },
            {
              "function": "minecraft:set_damage",
              "damage": {
                "max": 0.20,
                "min": 0
              }
            }
          ]
        },
        {
          "type": "minecraft:item",
          "name": "minecraft:arrow",
          "weight": 60,
          "functions": [
            {
              "function": "minecraft:set_count",
              "count": {
                "min": 1,
                "max": 32
              }
            }
          ]
        }
      ]
    },
    {
      "rolls": 3,
      "entries": [
        {
          "type": "minecraft:item",
          "name": "minecraft:splash_potion",
          "functions": [
            {
              "function": "minecraft:set_count",
              "count": {
                "min": 1,
                "max": 2
              }
            },
            {
              "function": "minecraft:set_name",
              "name":[
                {"text":"\u00a7r"},
                {"translate": "tg.down","color":"red","bold":true},
                {"text":"     "},
                {"translate": "tg.atk.down1.name","color":"white","bold": false}
              ]
            },
            {
              "function": "minecraft:set_nbt",
              "tag": "{CustomPotionEffects:[\
                  {Id:4,Amplifier:254,Duration:200,ShowParticles:0b},\
                  {Id:15,Amplifier:0,Duration:200,ShowParticles:0b},\
                  {Id:18,Amplifier:0,Duration:400,ShowParticles:0b},\
                  {Id:19,Amplifier:1,Duration:200,ShowParticles:0b}],\
                  CustomPotionColor:6684672,\
                  Potion:\"harming\"\
                }"
            }
          ],
          "weight": 5
        },
        {
          "type": "minecraft:item",
          "name": "minecraft:suspicious_stew",
          "weight": 1,
          "functions": [
            {
              "function": "minecraft:set_nbt",
              "tag":"{\
                Effects:[{EffectId:2,Amplifier:1,EffectDuration:1200},\
                         {EffectId:4,Amplifier:99,EffectDuration:1200},\
                         {EffectId:7,Amplifier:1,EffectDuration:20},\
                         {EffectId:11,Amplifier:1,EffectDuration:1200},\
                         {EffectId:15,Amplifier:0,EffectDuration:600},\
                         {EffectId:18,Amplifier:0,EffectDuration:3600},\
                         {EffectId:20,Amplifier:3,EffectDuration:900}]\
                }"
            },
            {
              "function": "minecraft:set_name",
              "name":[
                {"text":"\u00a7r"},
                {"translate": "tg.atk.kalslana_stew.name"}
              ]
            },
            {
              "function": "minecraft:set_lore",
              "lore": [
                {"translate": "tg.atk.kalslana_stew.lore1"},
                {"translate": "tg.atk.kalslana_stew.lore2"},
                {"translate": "tg.atk.kalslana_stew.lore3"},
                {"translate": "tg.atk.kalslana_stew.lore4"}
              ]
            }
          ]
        },
        {
          "type": "minecraft:item",
          "name": "minecraft:diamond_sword",
          "functions": [
            {
              "function": "minecraft:set_count",
              "count": 1
            },
            {
              "function": "minecraft:enchant_randomly"
            },
            {
              "function": "minecraft:enchant_with_levels",
              "levels": {
                "min": 30,
                "max": 60
              }
            },
            {
              "function": "minecraft:set_damage",
              "damage": {
                "max": 0.3,
                "min": 0
              }
            }
          ],
          "weight": 5
        }
      ]
    }
  ]
}